ta1,ta2,ta3,ta4,ta5,ta6,ta7
El que madruga,Mucho Dinero,Mi pelo,porque es alegre,"Si, porque canta",una bola llena de pelos,"muchos, pero"
Abuelo,Mi vecino,Mi abuela,"No, porque las pelotas no cantan",que su hermano grita mucho,"Mi vecina porque, que se?","Es una pelota secreta, porque que se?"
fudon,veredo,pelos,"Si, pelota la que le platico",no se,Que es una pelota,Porque...
meteoro,Mi estomago ,Mi cabeza,"No, porque no existe una pelota que canta",que mi hermano habla y llora mucho,"mi cabello, porque cuando te peinas te puedes hacer chinos","el estomago, porque es un poquito duro"
Nino,La nina,Mi papa,"No, porque una pelota no puede hablar.",porque es muy travieso o llora mucho,se le cae el pelo o porque tiene mucho pelo,Que se porta muy bien
Meteoro ,Metal,Gato,"No, porque las pelotas no cantan",Sus hemanos gritan mucho,"un oso, un lobo son animales que necesitan su pelo para cubrirse.",Las plantas
Sol,Moneda,Perro,"No,porque no hablan",que su hermano grita mucho,Un gato porque tiene muchos pelos.,Una moneda porque es muy brillante
Senor,Que,Papa,"Si,es una metafora",Porque algunos gritamos cuando queremos,Una cabeza con muchos pelos,Un balon
Balon,Hermana ,Gato,"Si, porque te diviertes jugando con ella.",Es muy irritante y llora mucho,Los perros y la cabeza,Cuando algo es bonito
Sol,Luna,Cabeza,"Si,es algo que nos gusta y se puede decir asi",que su hermano grita mucho,Perro tiene pelos,Luna porque es de color plateado.
Vecino de pelo rojo,tu sonrisa,Perro,"No, porque en realidad es una metafora y las metaforas son mentira",Mi hermano es un griton*,El cabello desordenado,Porque cuando alguien sonrie su sonrisa brilla tanto y por eso le puse eso.
Cualquiera,Hermanito,Mama,"si, porque se inspira",Mi hermano grita mucho,Tiene muchos pelos,Que es una pelota de plata.
Sol,la luna,gato,"No, porque me gusta mucho la frase",No lo se,Un perro,la luna
Papel ,la Paja,Pelota,Si.,Su hermano grita mucho,Su papa es de pelos,Es paja y la puedes hacer bola y puedes jugar con ella a patearla
Sol,El,gato,"si, es algo significativo o algo",que grita mucho y no para de reir,"perro, porque es muy peludo",que es muy valioso
amanecer,anochecer,papa,"si, porque va diciendo todo con la frase pelota",que su hermano es chillon,Significa que su papa es porque son peludos,que la pelota no seria la luna
primo,mama,hermana,"No, porque como que no se escucha bien",que grita mucho,"gato, porque tiene pelos",mama es una pelota de plata
fenomeno,pesada,mi fenomeno,"No, porque no no tiene vida y no tiene boca",que grita mucho,que esta chida esta de !pelos!,que esta hecha de plata y es pesada
Sol,Mi perro,gato,"No, porque no rima",lenguaje literal,mi perro es una pelota de pelos,lenguaje literal
tio,papa,primo,"no, si no todas las pelotas estuvieran cantando",que mi hermano esta gritando,mi primo tiene pelos,mi papa es de plata
sol,luna,cabeza,"no, porque no tienen boca",que es griton,"una cabeza, porque tiene pelos",es la luna porque es plateada.
sol,mar,cabeza,"no, porque no puede ser mi mama una pelota que canta",mi hermano es una pelota que grita mucho*,"mi cabeza, tiene mucho cabello",el mar es una pelota de plata
gato,mama,hermano,"si, porque a cada rato canta",porque cuando no le dan algo se enoja y empieza a gritar,porque esta lleno de pelo de la cabeza hasta la cola,mi mama vale mucho como si fuera plata
sol,cual,cabeza,"No, porque las pelotas no cantan",que su hermano grita mucho*,Perro porque tiene pelos*,sin respuesta
sol,mar,perrito,"si, es como me dijieron mi mama canta",Mi hermano grita mucho*,mi abuelito es una pelota de pelos,el mar es una pelota de plata
,,,NA,NA,NA,NA
senor,mi mama,Pedro,no se canta !no tiene sentido!,es como cuando grita mucho muy fuerte,puede ser como una pelota de pelos porque puede ser asi,esta como hecha de plata y de nada mas
gato,perro,gato,"si, porque si",que grita mucho,jamster porque tiene pelo,perro
fenomeno,pesada,pelota,"no, porque nomas son pelotas",no grita porque no es como su hermano,es chida,una pelota de pelos
tiene esa,"""no entendio""","""no entendio""","si, porque alguien se expresa con anhelo",que se asusta siempre o es muy enojona y grita mucho de furia,no respondio,no respondio
sol,Moneda,Cabeza,"no, porque mi mama no canta",es lloron y es pelota de gritos,las cabezas de los demas,es una moneda es de plata pelota de plata
sol,El fierro,Gato,"Si, porque si rima",que su hermano grita mucho*,Perro porque tiene muchos pelos*,pues fierro
sol,no se,Gato,"No, porque las pelotas solo se mueven",Mi hermano grita mucho*,Un gato porque sacan bolas de pelo,no se
bola,pelota,pelota,"No, no se",que bota,La pelota de picos,Que vale oro
nino,y,Perro,"Si, porque su mama canta",que su hermano siempre esta gritando,es su perro porque tiene mucho pelo,no se
sol,no se,Perro,"si, porque es cantada en todo",porque grita mucho,chango porque tiene pelos,no se
sol,la luna,Cabello,"No, porque no puedo encontrar el ritmo del poema",Que es aburrido,Mi cabello porque se la pasa enredado ,la luna porque es de color plata en la noche y dia
sol,La estrella,Perro,"Si, a sentido figurado podria ser una radio",que su hermano siempre o la mayoria de veces grita o llora,Uno mismo por no cortarse el pelo,Como las estrella brillan y la plata refleja la luz como una estrella
pelotas,pelotas,pelotas,"Si, porque si da sentido eso de pelotas",porque su hermanito es pequeno y grita por eso,Seria una pelota hecha de pelos,Seria un trofeo
sol,Luna,Perro,"Si, cuando una persona canta",cuando un hermanito grita porque quiere algo,un gato,se refiere a la luna
sol,el,Amigo,"No, porque las pelotas no cantan",que grita mucho,un gato porque tiene muchos pelos.,La pelota es dura y brillante
rueda,voliche,ermos,"Si, porque es un juguete para rebotar, rodar y aventar.","si, porque siempre chilla",para un perro,porque es una pelota voliche
sol,agua,bola,"Si, porque suena muchas veces",que esta gritando todo el dia,El sol porque es redondo,que brilla
Abuelo,Abuela,Papa,"Si, porque canta",porque las hermanas por todo se enojan,Que son pelotas cualquiera,Es una abuela
Sol,la luna,no se,"Si, figurado porque esta hablando con pret",Su hermano es muy travieso,El mar porque esta muy grande,Es igual a la luna de redonda
balon,caliente,pelota,"No, porque no existen esas pelotas y menos su familia",que grita mucho,nada porque no existen esas pelotas,no contesto
Sol,la Luna,gato,"Si, es un poema",que su hermano es griton*,que es suave ,Que se parece a la Luna
Sol,iman,Cabeza,"Si, se refiere a jugar",Es muy escandaloso,Un gato creo,Creo que es una bala de iman
la pelota,Baston,Carro,"Si, porque son juguetes",llora por ella,la de los gatos,una canica de fierro
no contesto,No contesto,Perro,"No, porque no canta",que su hermano grita mucho*,Su perro,que la pelota puede ser dura
mr. senor,como,amigo,"Si, porque lo revise 3",porque esa pelota esta muy poco inflada,Una pelota que le cayo pelo de la peluqueria,Una pelota de color plateada
Sol,Mi vida,perro,"Si, porque es una persona que canta",Que grita mucho,Mi hermano porque es ruidoso,Algo que aprecio mucho
Volcan,Medalla,cabello,"No, porque es algo muy raro",Una persona que grita mucho,"Algo que tiene mucho pelo, porque asi es como se oye",Algo duro
no contesto,robot,perro,"No, porque las pelotas no son seres vivos",que su hermano grita mucho*,Perro tiene muchos pelos*,un robot
vecino,no contesto,perrito,"Si, porque estan describiendo a las personas y a los seres vivos como las pelotas",que su hermano grita mucho,"hamster, porque el chiste es que tenga pelos",no contesto
Sol,Luna,perro,"No, porque las pelotas no cantan",que su hermano grita mucho,Gato porque tiene mucho pelo,la luna porque es una esfera y es gris como la plata
nino,la nina,papa,"No, porque las pelotas no tienen boca",es un nino griton,"un erizo, tiene muchos pinchos",las ninas porque son ordenadas
quemador,brillante,hermano,"No, porque las pelotas no cantan",que mi hermanito grita mucho,una pelota que tiene pelos,una pelota hecha de plata
corazon,el balon,Cabeza,"Si, porque tu te puedes expresar",que es griton*,cabeza porque tiene pelos,balones porque es lo que mas me gusta
carro,papa,perro,"No, porque las pelotas no cantan",que su hermano grita mucho*,"un hamster, porque perro ya se ocupa mucho",que mi papa es una pelota de plata porque vale mucho mas que la plata
volcan,la moneda,cabeza,"No, porque una pelota no pueden ser todas las cosas",que su hermano es muy griton,Perro porque tiene muchos pelos*,porque es de las unicas que que pueden ser de plata
pelotas,que,pelota,"No, porque las pelotas no cantan",mi hermano siempre grita,porque una pelota no tiene pelos,que es una pelota de plata
dragon,arete,perro,"si, porque rima*",que su hermano grita mucho,"alguien que tiene demasiados pelos, las pelotas son grandes",que es demasiada plata
fuego,la plata,pelota,"si, porque es como si dijeras que una persona canta pero con pelotas",que su hermano grita mucho*,alguna persona con mucho pelo,"una persona que tiene mucha plata pero como la persona es pelota, se dice pelota de plata"
nino,tambien,amigo,"No, porque ninguna pelota puede cantar",que mi hermano grita mucho*,"un peluche, porque algunos son redondos y tienen el pelo suave",que es una florecilla antes de nacer
volcan,hierro,cabeza,"No, porque las pelotas no cantan",que su hermano grita mucho*,"un puerco espin, porque es como una pelota con pelos",una pelota de plata
Meteorito,el anillo,cabeza,"No, porque las pelotas no hablan",que su hermano grita mucho,perrito porque tiene muchos pelos*,parece una pelota de plata
sol,La luna,papa,"No, porque las pelotas no cantan",que es un gordito que grita,mi perrito porque es gordo y peludo*,Puse primero al sol y lo segundo puse luna porque es lo contrario y parece de ? plata
fuego,plata,papa,"No, porque una pelota no tiene boca",que su hermano grita mucho*,la cabeza porque tiene cabello,se hizo una acumulacion de plata
agua,el,amiga,"Si, pelota en movimiento",que mi hermano grita mucho*,un animal con mucho fuego,pelota dura o inmovil
enojo,La mina,pelota,"No, porque las pelotas no cantan",que mi hermano es griton*,"muchos pelos, porque una pelota es como mucho",porque de las minas se extraen minerales como la plata
casi,El,pelota,"si, porque es como si dijeras que alguien que canta",porque se expresa de manera en la que es como llora mucho,no lo se es como si fuera de que el balon esta duro,Como si fuera muy especial para el
pelotas,que,pelota,"No, porque las pelotas no pueden cantar",que es gordo y grita mucho,un perro gordo porque la pelota de pelos podria ser un perro gordo,es como una bola de plata
vecino,cara,gato,"si, porque habla mucho",que su hermano grita mucho,perro porque tiene mucho pelo,que es bonita :)
fuego,planta,perrito,"No, porque las pelotas no cantan*",que grita mucho,gato porque tiene mucho pelo,una planta circular
sin respuesta,ella,papa,"No, porque las pelotas no se mueven ni hablan",que a cada rato grita,cuando te enojas mucho,como si brilla
sol,La luna,gato,"No, porque las pelotas no cantan",que el hermano es una persona gritona,Un perro,"Puse ""la luna"" porque parece que esta hecha de plata"
viento,El agua,hermano,"Si, porque tal vez se refiere a que rebota",que mi hermano grita mucho*,sin respuesta,"Podria ser algo querido, como algo de la suerte"
sol,mi moneda,gato,"si, porque es redonda y circular",que grita mucho,perro porque tiene pelos,una moneda
meteorito,no se,pelo,"Si, porque se refiere a objetos",que mi hermano grita mucho,un monton de pelos,no se
no contesto,No contesto,no contesto,No le entiendo,mas o menos le entendi,no se,no le entiendo
sol,el pez,perro,"No, porque las pelotas no cantan",que es muy enojon,mi gato porque tiene pelos,le puse pez porque hay unos que parecen plata
sol,la luna,cabeza,"No, porque no rima tanto pelota que canta porque no termina igual",que su hermano grita mucho*,perros porque tienen mucho pelo,un anillo de plata
sol,la luna,coco,"si, quiere decir que su mama es una persona que canta",que su hermano grita mucho,la cabeza porque tiene mucho pelo,una moneda que brilla
sol,la luna,gato,"No, porque las pelotas no tienen boca",no se,Un perro porque tienen muchos pelos,La luna
sol,Moneda,cabeza,"si, porque las mamas luego cantan",que los bebes lloran,perro porque es peludo*,porque la moneda es redonda y es de plata
nino,ella,hermana,"no, no se",que mi hermano grita,que una pelota tiene pelos,es la pelota de plata
tiene,y,mama,"si, porque habla de puras pelotas y cuando lo lei si tenia sentido",que su hermano tiene una cabeza redonda y siempre grita,"no se, no se me ocurre otra cosa",que es una pelota pero esa pelota es de plata
No entiendo,moneda,cabello,"no, porque no tiene sentido",que grita,como el zacate,moneda
Sol,Luna,Gato,"si, porque su mama canta",que su hermano grita mucho*,perro o hamster,La Luna es porque no hay pelotas de plata
sol,aretes,cabeza,"no, porque no rima",que su hermano grita mucho*,Una pelota de lana porque tiene forma de pelota y tiene tipo de pelos,son o pueden ser aretes de plata porque tienen forma de pelota
No entiendo nada,No entiendo nada,perro,"no, porque las pelotas no cantan",Mi hermano bebe chilla y grita mucho,El gato se hace rollo de pelos,Moneda redonda de plata
Sol,Luna,pelo,"no, porque las pelotas no hablan",que mi hermano siempre grita,no se,no se
Sol,anillo,Jabon,"no, porque las pelotas rebotan",que tu hermano cada vez que salta grita,Ardilla,pelota de boliche
Padre,Mama,perro,"no, porque las pelotas no cantan",que grita mucho,un perro,pelota brillante
fuego,el,perro,"no, porque las pelotas no cantan",mi hermano grita mucho,mi axila porque tiene pelos,el es blanco
Plata,Canto,hermanito,"No, porque las pelotas no cantan*",que mi hermanito siempre grita y no suelta la pelota,tiene una pelota de pelos esta bien chida,que la pelota vale mucho
que cosa,que es,pelo,"No, porque no rima",Que su hermanito grita pelotas pelotas,Una pelota de pelo no se puede porque se desata,no se puede porque una pelota de plata no existe.
Juega,que,mama,"No, porque no rima",que grita mucho,que esta hecha de pelos,que esta hecha de plata
sol,que es,planeta,"No, porque una pelota no canta",circular comelona,el mundo,Una pelota cuadrada
fuego,el,perro,"No, porque ninguna pelota canta",su hermano grita,axila,puede haber una pelota de beisbol hecha de plata
(dormido),(dormido),(dormido),(dormido),(dormido),(dormido),(dormido)
sol,Luna,gato,"si, el sol es redondo y con fuego",que grita demasiado,no se,la luna es redonda y de color plata
Sol,Luna,Cabeza,No tiene sentido porque casi no rima,mi hermana es una pelota de risa,perro porque tiene mucho pelo,puede ser mi cabeza y puede ser un planeta
no contesto,No contesto,no contesto,"No, porque las pelotas no cantan*",no se,no se,Una pelota color plata
Fuego,Moneda,cabello,"No, mi mama no canta o tal vez las demas igual no",que ese hermanito llora mucho y grita mucho,el coco porque es redondo y circular y ademas tiene pelos,Una moneda porque es de plata y redonda
pelota,que,a ,"si, porque tiene muchas rimas",que es muy gritona,no entiendo,no tiene sentido
circulo,fuerte,circulo,"si, tiene un poco de sentido",que mi hermano grita mucho,no entiendo,que es muy brillante la pelota
Sol,no entiendo,cabeza,"No, porque las pelotas no cantan*",que su hermano grita mucho*,no se me ocurre ninguna,no se me ocurre ninguna
sol,El arete,cabello,"si, porque cuando dice la pelota que canta se refiere a sus cabezas",que su hermano es griton*,el vello porque cuando te lo quitas puedes hacer una pelota de vellos,que es un arete circular
Sol,Luna,Cabeza,"no, porque no tiene ningun efecto",que llora y grita cuando necesita algo,una pelota que tiene de adorno pelos,no se
tio,hermano,mama,"si, es una frase feliz y divertida y alegre",que es muy divertido y grita mucho,mi primo es una pelota divertida,es una pelota muy divertida
papa,Eliod,hermano,"no, ninguna pelota puede cantar",que es muy gritona,"una pelota de oro, porque una pelota de pelos nadie la quiere",esta hecha de plata
pelo,pelota,pelota,"si, porque rima*",porque esta gordito y es griton,cabeza porque tiene pelos,que es una pelota de plata
balon,senor,perro,"No, porque las pelotas no cantan*",que grita mucho,perro tiene mucho pelo,que el de la tienda es muy buena persona
bombero,minero,perro,"si, porque la mama puede cantar",que grita mucho,un gato tiene pelos,el minero saca la plata por eso
Sol,la luna,perro,"si, porque si se entiende",si,si,si
senor,rico,mama,"No, porque yo lo digo",si que es un bebe y que le meten un ladrillo por la boca para callarlo,no se,una pelota *** (chapada) en oro
balon,oro,perro,"si, porque dices una rima",que grita mucho,rata,un oro
aire,plata,mama,"No, porque las pelotas no cantan",porque grita,pelota de piojos porque es algo del cabello,es una pelota de plata
balon,mi goma,gato,"No, porque ellas no hablan",si porque tal vez asi es y les guste decirle asi,no existe,mi goma es una pelota de plata
sol,luna,perro,"No, porque las pelotas no cantan*",que grita mucho,"hamster, porque tiene alrededor de su rostro pelo",es que la luna es blanca y lo primero que se me vino a a mente de la plata fue la luna
no respondio,no respondio,perro,"No, no se",no se,pelota,****
papa,mi hermanito,mama,"Si, porque es como rima",de que mi pelota es muy gritona como mi hermano,que mi mama tiene pelo en la cabeza,que mi hermanito planta flores
sol,La estrella,papa,"No, no se",que grita mucho,mi perro es una pelota de pelos,"que es una estrella de ""plata"""
calor,El dinero,cabello,"No, porque las pelotas no cantan*",que mi hermanito grita mucho,una pelota con lineas delgadisimas porque asi es el cabello,Fue el dinero porque la plata es dinero
sol,medalla,cabeza,"pelota que tiene ojos y boca, nariz y habla",que mi hermano siempre grita,"perro, cabeza, rata, hamster, conejo, raton.",yo le entiendo una medalla
sol,la luna,cabeza,"no, porque las pelotas rebotan no cantan",que el hermano siempre grita,cabeza porque tiene pelos,la pelota es muy bonita
no la conozco,pelota roja,hermano,"si, porque se le entiende a lo que dice",que su hermano rueda,la cabeza,que es valiosa
fuego,el hierro,pelo,"no, porque nadamas dices pelota",que su hermanito grita mucho,"un peluche, una almohada, el algodon, etc, porque tienen pelos pero de diferente material",yo digo que es pelota de hierro porque es un poco mas parecida a la plata
hombre,mama,perro,"si, tiene sentido porque si pones una persona tiene sentido",que es griton y juega con una pelota,"gato, chango, leon, perro porque tienen pelos*",mi mama es muy valiosa
sol,mi consola,gato,"si, porque le gusta cantar",que es muy jugueton y grita mucho,cualquier animal porque tiene pelos,es algo valioso para el
sol,medalla,perrito,"No, porque las pelotas no cantan*",que mi hermano grita mucho*,un gatito porque los gatos tienen muchos pelos,que los medallones pueden ser de muchas formas
sol,la luna,perro,"si, porque es como tu mama cantara",tu hermanito saltara y saltara y no tiene sentido,perro*,yo digo que seria la luna
sol,luna,perro,"No, es sentido figurado mas no literal",que su hermano no para de gritar,su cabeza,"porque la luna es blanca, plateada y brillante*"
sofa,carro,pluma,"si, porque canta",que cuando juega con la pelota grita,mi perro porque tiene mucho pelo,porque vale dinero
cerillo,mi cabello,perro,"Si, porque puede ser una persona",que su hermano grita mucho,un perro,el cabello puede ser color plata
sol,La luna,perro,"No, porque las pelotas no cantan",que grita mucho,la cabeza porque tiene muchos pelos,que es una pelota de plata
(el ) o ella,papa,Hermano,"No, porque no puede haber pelotas que canten en la vida real",que no puede haber pelotas asi,una pelota traviesa y gritona,Que mi papa es muy fuerte y parece de plata
no respondio,no respondio,perro,"No, porque las pelotas no cantan",que grita mucho,no lo se,una pelota para playa
son tantas,mi mama,hermanito,"si, porque al momento que rebota suena",que cuando rebota suena como un grito,o sea que es una pelota peluda,una pelota de plata que no rebota
sol,Luna,perro,"No, porque la pelotas que cantan no existen",que mi hermanito siempre grita a cada segundo,"que hay cosas con muchos pelos, como el perro o gato","que seria muy valiosos con un ejemplo que puse, la luna seria la frase"
gas,dinero,Gato,"No, porque las pelotas no tienen cerebro, entonces serian como unos zombies porque no tienen cerebro","una pelota de gritos porque los bebes siempre lloran, gritan, eructan y muchas mas cosas",perro o hamster porque tienen muchos pelos*,pudiera ser dinero porque el dinero esta hecho de plata
Sol,La luna,Gato,"si, porque tu mama puede cantar",que su hermano grita mucho y le gusta saltar,perro porque tiene mucho pelo*,La luna brilla
encendedor,mi alcancia,perro,"No, porque las pelotas no cantan",o sea que chilla mucho,"mi papa, un chango, un gato, un leon, un gorila","una alcancia porque tiene dinero adentro que tambien se llama plata, money, feria"
sol,luna,perro,Un senor que esta gordito y canta,que su hermano grita bien alto,perro que lo saco a pasar,la luna cuando es de noche es una pelota de plata
sol,La luna,perro,"No, porque las pelotas no hablan*",que grita mucho,un oso,la luna es una pelota pintada de plata
sol,La luna,Cabeza,"si, porque puede referirse al sentido figurado como el poema, esta escrito en figurado o literal",pues se refiere a que su hermanito es muy griton o grita mucho,"una cabeza porque hay mucho pelos, un juguete que sea de pelos u otra cosa, etc",yo en mi caso elegi la luna porque pues es circular y se puede ver blanca o platiada es tener imaginacion
circulo,oro,hermana,"No, porque esta en sentido figurado",que su hermano grita o llora todo el dia,un circulo porque es redondo como las pelotas,una pelota de plata o puede tener oro
balon,nino,pelota,"si, eso creo yo",que mi hermano grita mucho*,una peluca de pelos,un nino de plata
Sol,la luna,gato,"No, porque simplemente las pelotas no cantan",porque le encanta gritar,perro porque son muy peludos*,porque el gris de la luna parece de plata
Sol,la luna,perro,"si, porque en un poema las frases no deben tener sentido, pero esto significa algo como que alguien canta porque no es literalmente lo que dice la frase.",que es muy griton*,cabeza porque es una pelota y tiene pelos*,porque la luna es una pelota y tiene un color un poco plateado
Abuelo,no respondio,papa,"si, porque un poema tiene tipos de textos, literal y figurado, en figurado es: mi mama canta",que su hermano es chillon o griton,creo que es ser genial,no entendi la frase pero creo que es tener dinero
hombre,mujer,pierna,"No, porque las pelotas no tienen boca",que su hermano grita mucho,Las manos porque salen pelos,que la pelota es bonita y dura
Balon,ella,pelota,"si, porque tiene algo de sentido",que su hermano grita mucho*,una bola con pelos,ella porque seria alguien bonito
balon,la bola,pelota,"No, porque no tiene boca para hablar",que cuando grita es que quiere algo,un balon con picos porque parecen pelos,Es la unica forma que se me vino a la mente
Sol,el,perro,"si, porque se esta refiriendo a cosas",mi hermanito grita porque se eleva la pelota,una bola de pelos de gato,puede ser un iman
hombre,luego,perro,"No, porque las pelotas no hablan",que su hermano grita mucho,gato porque tiene muchos pelos,pelota que vale mucho
sol,La Luna,Cabeza,"si, porque esta en sentido figurado",que su hermanito grita y es redondo,un peluche,una pelota que parece de plata por su color
hombre,hermanito,perro,"si, porque su mama canta",porque su hermano se la pasa gritando todo el tiempo,cualquier otra mascota que penga pelos,pelota de color plata o una pelota especial
perro,El,perro,"No, porque no rima la frase",que su hermano grita mucho,una bola de estambre porque tiene forma de pelos,una pelota de color de plata
cocinero,mi abuelo,papa,"si, porque su mama canta",que su hermano grita mucho*,que tiene mucho pelo,que es valioso o que es fuerte
balon,mama,mascota,"No, porque las pelotas no cantan*",que su hermano llora mucho,su pc porque el nino se divierte,que es muy valioso
sol,Luna,perro,"No, porque las pelotas no hablan *",que su hermano grita mucho,un gato porque es muy peludo,la luna es una pelota de plata porque el color es similar al plateado
vecino,amigo,papa,"si, porque mi mama canta",que llora mucho y molesta,sus primos porque son buenos,muy valioso
sol,moneda,cabeza,"No, porque las pelotas no cantan",que su hermano grita muy fuerte diario,un perro porque tiene mucho pelo,Que es una moneda de plata
hombre,porque,papa,"si, porque es alguien que le gusta cantar",que su hermano grita mucho,"es que es muy chido, porque cuando dice pelos se refiere a chido, valiente, etc.",Es nino que vale mucho
encendedor,amigo,cabello,"si, porque dice que su mama canta",que su hermano grita mucho,porque se le cae el pelo,no se
jugador,y el otro,hermano,"no, porque una pelota no tiene boca por eso no canta",que su hermano grita mucho,un balon de espinas porque tendria mucha similitud,que la pelota es muy cara y pesada
sol,dinero,perro,"si, porque una pelota representaria un objeto cualquiera",porque seguramente es un bebe y los bebes gritan y lloran*,"una cabeza o cabello, porque la cabeza es la pelota y los pelos son los cabellos",puse el dinero porque la plata cuesta dinero
Sol,dadega,perro,"no, porque es una cosa material",que grita mucho,solo el perro,pues es una dadega
Arma,El oro,perro,"no, porque no tienen suficientes palabras para explicar el poema",creo que es mi hermano pero grita mucho,gato porque tiene pelos,es dinero se puede decir plata y dinero
odio,amor,cuerpo,"No, porque las pelotas solo son para jugar, no para cantar","que hermanito es un griton, chillon, comelon, etc.",un animal porque los animales tienen pelos,significa algo muy bonito que no se puede romper
Balon,mi moneda,Perro,"No, porque las pelotas no cantan, es como si una pelota cantara despacito",que grita mucho,mi Oso Panda,Que es muy valorada
Balon,Perro,Gato,"No, porque yo no he visto una pelota que canta",que el hermano es travieso y grita mucho,Pues un pajaro porque es muy peludo,Porque es una pelota bonita y de plata
Sol,la luna,gato,"si, porque se refiere a su mama",que su hermano grita mucho y todo lo que dice tiene que ver con pelotas,perro porque ya que todo lo ve como una pelota todo es una pelota,pelota de plata es la luna porque el sol es una pelota de fuego
papa,cartera,perro,"no, porque las pelotas no cantan",que su hermano grita y llora mucho,"Gato, hamster porque los dos tienen mucho pelo",cartera o dinero
Sol,la moneda,Cabeza,"no, porque las pelotas no hablan",que mi hermanita grita,la cabeza porque tiene pelo,Una moneda
rebota,solta,gato,"no,porque no es tan comprensible",grita siempre me grita,"Perro, hamster, oso o monos",que tiene mucho dinero
sol,la luna,papa,"No,porque no puede haber un objeto que cante, eso seria imposible y absurdo",que un nino llora y grita cuando no le hacen caso o algo asi,una pelota grande depende a que se refiera de pelos o el pelo,le puse luna porque tiene casi el mismo color
hombre,que,perro,"Si, porque es una forma de describir a alguien",que su hermano grita mucho,Un amigo porque puede tener mucho pelo,Que es una persona fuerte
senor,la llanta,Amigo,"No, porque no hay pelotas que canten",que su hermano grita mucho,tiene muchos pelos o podria ser un animal,es dura
enemigo,el amigo,Gato,"No, porque las pelotas no cantan solo con la imaginacion",que su hermano es muy enojon,"Un animal, perro, gato, cebra porque tienen pelos*",Es alguien una persona que quieras como tu mama o un amigo
amigo,la pelota,pelota,"No, porque las pelotas no hablan*",que su hermano grita,una bola de pelos,que la pelota es dura
Fireball,mi dinero,perro,"si, porque canta canciones",Porque es muy escandalosa,porque tiene mucho pelo,el dinero
balon,hermano,amigo,"no, porque no creo que vaya? a cantar",Que se la pasa gritando,mi perro porque tiene pelos,que es duro como la plata
padre,hermano,perro,"no, nadie entenderia",grita mucho,el padre tiene mucho pelo,Persona muy importante
fogata,mi reloj,perro,"si, porque se refiere a que su mama canta",que su hermano siempre esta gritando,un gato,Que algo redondo puede ser de plata como accesorios
balon,mi casa,Gato,"si, porque tiene muchas curvas",que es un griton,Un gato o un perro,Que vale mucho
perro,mi papa,Gato,"si,porque esta hablando de su familia",porque llora y grita y hace berrinches,perro porque tiene muchos pelos,Es como el ejemplo para su hijo y es casi de oro porque trabaja
no respondio,no respondio,pelota,"no, es algo ironico",mi hermanito es un nino que es de lo mejor de lo mejor,"Mi amigo es una pelota de pelos, mi amigo es lo mejor",nunca se rinde
balon,mi casa,mascota,"no, porque es una pelota normal",porque grita muchas veces,Seria como una mascota,es una pelota de estado bueno
hermano,mi abuelo,gato,"no, porque las pelotas no cantan",mi hermano es un griton,un perro,es una persona rara
sol,la luna,gato,"no, porque una pelota no puede cantar",que su hermano es chico y todavia no puede razonar y todo lo resuelve a gritos,un oso porque esta gordo y peludo,porque es brillante en la oscuridad
nino,ese,maestra,"si, porque es su forma de expresarse hacia las personas","que ""mi hermana es una persona de gritos""","una persona de pelos, porque pelota es como decir persona",ese una persona de plata
sol,la moneda,cabeza,"no, porque las pelotas en si no pueden hablar",que su hermana todo el tiempo grita,el pecho porque tambien crece pelo,una moneda porque es redonda y puede ser de plata
cerillo,y,perro,"No, porque las pelotas no cantan*",que mi hermano grita mucho,un gato porque ellos tienen muchos pelos,una pelota hecha de plata pero no existen
arma,oro,perro,"No, porque las pelotas no tienen vida",que su hermano grita mucho,mi perro porque tiene muchos pelos,que el oro es como la plata solo tiene mas valor y diferente color
papa,cartera,perro,no porque una pelota es una objeto inmovil,que llora y grita mucho,"Un gato, un hamster, una rata y un cote, porque tienen mucho pelo",que te da dinero por eso puse cartera
si,no,no,en la diversion en juego puede (hacer mas cosas??) en la pelota,no es una pelota de gritos es namas una pelota para jugar.,"pelota de volleyball, pelota de tennis, baseball, y football",no es una pelota normal de telas de aire
sol,La luna,gato,"no, porque las pelotas no hablan",que mi hermanito esta triste :(,puede ser muy suave,porque la plata se parece a la luna
sol,una canica,Gato,"no, porque las pelotas no pueden cantar y porque no tienen cuerdas vocales",que mi hermano pequeno grita muchisimo*,"un perro york o un poodle porque tienen mucho pelo, pero el que mas peludo esta, es el york.",porque algunas de las canicas estan hechas de metal y parecen plata
sol,luna,cabeza,"no, porque las pelotas no cantan",que mi hermanito grita mucho,un gato,la pelota de plata es la luna porque es de plata el color de la luna
sol,luna,Gato,"no, porque las pelotas no cantan",porque su hermano grita mucho o todo el dia,Una cabeza tiene muchos pelos,Porque la luna se ve como metal
Sol,La Perla,Gato,"no, porque una pelota se usa para jugar y porque es de plastico",que mi hermano nunca deja de gritar,Una bola de estambre o una cabeza de pelo,Que es una perla que encuentras en el mar
loco,la moneda,papa,"no,porque las pelotas no hablan y si no hablan no cantan","que llora, que grita","Un perro, los perros tienen mucho pelo en todas partes","Una Moneda, porque las monedas estan hechas de plata"
sol,papa,perro,"si, porque si con pelotas se refieren a personas entonces si, porque las mamas siempre cantan",que el hermanito bebe siempre grita,"papa (jajajaja) la verdad no se, solo lo puse porque no pensaba en nada mas","porque mi papa es muy bueno y paciente conmigo asi que para mi, el esta hecho de plata"
aceite,moneda,perro,"si, porque mi mama canta",mi hermano grita mucho,no se,hay monedas de plata ?no?
Juan,no ,Hermana,"no, porque las pelotas no cantan",porque todo tiene que ser una pelota,tu porque eres la unica que falta,porque las pelotas no son de plata
mango,Mateo,Hermano,"No, porque las cosas no hablan",que mi hermano grita mucho,Mi gato porque suelta mucho pelo,que es muy brillante
meteoro,canica,gato,"No, porque las pelotas no cantan",mi ? hermano se la pasa gritando,bola de pelos de los gatos,porque las canicas a veces son de plata
Rafles,Mike,Ramon,"si, porque la tecnologia hizo a Sphero una pelota robot que habla y canta",que los ninos chicos gritan mucho,la cabeza de chewbacca,una canica de plata
no,si,mama,"No, porque dice cosas extranas",porque es latoso,mi mama,no se
diablo,mi alma,cabeza,"no, porque la puedes botar, pero no va a cantar","no para de gritar, o sea yo",la axila,mi alma es de un guerrero
sol,mi papa,perro,"No, porque las pelotas no hablan*",que mi hermanito grita mucho,un perro gordo,mi papa porque es muy bueno conmigo
sol,la luna,papa,"Imaginense una pelota cantar, no es normal",Bueno si es bebe si y si no tambien grita y grita,una mascota porque mi mascota es una bola de pelos bueno esta peluda,Bueno la luna esta brillante como la plata
